{
  "project_info": {
    "project_number": "256975464425",
    "firebase_url": "https://whatsfordinner-ef54b.firebaseio.com",
    "project_id": "whatsfordinner-ef54b",
    "storage_bucket": "whatsfordinner-ef54b.appspot.com"
  },
  "client": [
    {
      "client_info": {
        "mobilesdk_app_id": "1:256975464425:android:0576f1328291da67",
        "android_client_info": {
          "package_name": "com.example.shehbashahab.whatsfordinner"
        }
      },
      "oauth_client": [
        {
          "client_id": "256975464425-fc0luennng0ogk6b9f9rnu2a6m6uli26.apps.googleusercontent.com",
          "client_type": 1,
          "android_info": {
            "package_name": "com.example.shehbashahab.whatsfordinner",
            "certificate_hash": "99174863e8a29318a692405827f9063578c250a6"
          }
        },
        {
          "client_id": "256975464425-0ci9o1hpn7nck56mg2n5l3p32lu5rgbu.apps.googleusercontent.com",
          "client_type": 3
        }
      ],
      "api_key": [
        {
          "current_key": "AIzaSyAv1YYUCYCy9YBBFM2U0jrDJVNPZc9wOaY"
        }
      ],
      "services": {
        "analytics_service": {
          "status": 1
        },
        "appinvite_service": {
          "status": 2,
          "other_platform_oauth_client": [
            {
              "client_id": "256975464425-0ci9o1hpn7nck56mg2n5l3p32lu5rgbu.apps.googleusercontent.com",
              "client_type": 3
            }
          ]
        },
        "ads_service": {
          "status": 2
        }
      }
    }
  ],
  "configuration_version": "1"
}